/*!40101 SET @OLD_CHARACTER_SET_CLIENT=@@CHARACTER_SET_CLIENT */;
/*!40101 SET NAMES utf8 */;
/*!50503 SET NAMES utf8mb4 */;
/*!40014 SET @OLD_FOREIGN_KEY_CHECKS=@@FOREIGN_KEY_CHECKS, FOREIGN_KEY_CHECKS=0 */;
/*!40101 SET @OLD_SQL_MODE=@@SQL_MODE, SQL_MODE='NO_AUTO_VALUE_ON_ZERO' */;

CREATE DATABASE IF NOT EXISTS `qlxnkho` /*!40100 DEFAULT CHARACTER SET latin1 */;
USE `qlxnkho`;

CREATE TABLE IF NOT EXISTS `chitietdathang` (
  `SOHOADON` int(11) NOT NULL AUTO_INCREMENT,
  `MADONHANG` int(11) DEFAULT NULL,
  `GIA` float DEFAULT NULL,
  `SOLUONG` int(11) DEFAULT NULL,
  `SOLUOTTC` int(11) DEFAULT NULL,
  PRIMARY KEY (`SOHOADON`),
  KEY `MAHANG` (`MADONHANG`),
  CONSTRAINT `FK_chitietdathang_dondathang` FOREIGN KEY (`SOHOADON`) REFERENCES `dondathang` (`SOHOADON`),
  CONSTRAINT `FK_chitietdathang_mathang` FOREIGN KEY (`MADONHANG`) REFERENCES `mathang` (`MAHANG`)
) ENGINE=InnoDB AUTO_INCREMENT=6 DEFAULT CHARSET=latin1;

DELETE FROM `chitietdathang`;
/*!40000 ALTER TABLE `chitietdathang` DISABLE KEYS */;
INSERT INTO `chitietdathang` (`SOHOADON`, `MADONHANG`, `GIA`, `SOLUONG`, `SOLUOTTC`) VALUES
	(1, 1, 100, 10, 104),
	(2, 5, 200, 20, 200),
	(3, 3, 450, 10, NULL),
	(4, 4, 100, 10, NULL),
	(5, 6, 1000, 20, NULL);
/*!40000 ALTER TABLE `chitietdathang` ENABLE KEYS */;

CREATE TABLE IF NOT EXISTS `dondathang` (
  `SOHOADON` int(11) NOT NULL AUTO_INCREMENT,
  `MAKHACHHANG` int(11) DEFAULT NULL,
  `MANHANVIEN` int(11) DEFAULT NULL,
  `NGAYDATHANG` date DEFAULT NULL,
  `NOIGIAOHANG` varchar(50) DEFAULT NULL,
  PRIMARY KEY (`SOHOADON`)
) ENGINE=InnoDB AUTO_INCREMENT=6 DEFAULT CHARSET=latin1;

DELETE FROM `dondathang`;
/*!40000 ALTER TABLE `dondathang` DISABLE KEYS */;
INSERT INTO `dondathang` (`SOHOADON`, `MAKHACHHANG`, `MANHANVIEN`, `NGAYDATHANG`, `NOIGIAOHANG`) VALUES
	(1, 1, 1, '2018-06-03', 'TP HCM'),
	(2, 2, 1, '2018-06-03', 'TP HCM'),
	(3, 1, 2, '2018-06-03', 'HN'),
	(4, 3, 2, '2018-06-03', 'HP'),
	(5, 4, 2, '2018-06-03', 'DN');
/*!40000 ALTER TABLE `dondathang` ENABLE KEYS */;

CREATE TABLE IF NOT EXISTS `khachhang` (
  `MAKHACHHANG` int(11) NOT NULL AUTO_INCREMENT,
  `TENCONGTY` varchar(50) DEFAULT NULL,
  `DIACHI` varchar(50) DEFAULT NULL,
  `EMAIL` varchar(50) DEFAULT NULL,
  `DIENTHOAI` varchar(50) DEFAULT NULL,
  PRIMARY KEY (`MAKHACHHANG`)
) ENGINE=InnoDB AUTO_INCREMENT=6 DEFAULT CHARSET=latin1;

DELETE FROM `khachhang`;
/*!40000 ALTER TABLE `khachhang` DISABLE KEYS */;
INSERT INTO `khachhang` (`MAKHACHHANG`, `TENCONGTY`, `DIACHI`, `EMAIL`, `DIENTHOAI`) VALUES
	(1, 'A', 'TP HCM', 'A@gmail.com', '012345678'),
	(2, 'B', 'HN', 'B@gmail.com', '098765432'),
	(3, 'C', 'HP', 'C@gmail.com', '012123654'),
	(4, 'D', 'NT', 'D@gmail.com', '01212789'),
	(5, 'E', 'DN', 'E@gmail.com', '012147896');
/*!40000 ALTER TABLE `khachhang` ENABLE KEYS */;

CREATE TABLE IF NOT EXISTS `loaihang` (
  `MALOAIHANG` int(11) NOT NULL AUTO_INCREMENT,
  `TENLOAIHANG` varchar(50) DEFAULT NULL,
  PRIMARY KEY (`MALOAIHANG`)
) ENGINE=InnoDB AUTO_INCREMENT=7 DEFAULT CHARSET=utf8;

DELETE FROM `loaihang`;
/*!40000 ALTER TABLE `loaihang` DISABLE KEYS */;
INSERT INTO `loaihang` (`MALOAIHANG`, `TENLOAIHANG`) VALUES
	(1, 'Sách'),
	(2, 'Quần áo'),
	(3, 'Điện thoại'),
	(4, 'Máy tính'),
	(5, 'Đồ trang sức'),
	(6, 'Khác');
/*!40000 ALTER TABLE `loaihang` ENABLE KEYS */;

CREATE TABLE IF NOT EXISTS `mathang` (
  `MAHANG` int(11) NOT NULL AUTO_INCREMENT,
  `TENHANG` varchar(50) NOT NULL,
  `MACONGTY` int(11) NOT NULL,
  `MALOAIHANG` int(11) NOT NULL,
  `SOLUONG` int(11) NOT NULL,
  `DONVITINH` varchar(50) NOT NULL,
  `GIAHANG` float NOT NULL,
  `SOLUOTTC` int(11) NOT NULL,
  `NGAYDAT` datetime DEFAULT NULL,
  `NGAYKETTHUC` datetime DEFAULT NULL,
  PRIMARY KEY (`MAHANG`),
  KEY `FK_mathang_nhacungcap` (`MACONGTY`),
  KEY `FK_mathang_loaihang` (`MALOAIHANG`),
  CONSTRAINT `FK_mathang_loaihang` FOREIGN KEY (`MALOAIHANG`) REFERENCES `loaihang` (`MALOAIHANG`),
  CONSTRAINT `FK_mathang_nhacungcap` FOREIGN KEY (`MACONGTY`) REFERENCES `nhacungcap` (`MACONGTY`)
) ENGINE=InnoDB AUTO_INCREMENT=7 DEFAULT CHARSET=utf8;

DELETE FROM `mathang`;
/*!40000 ALTER TABLE `mathang` DISABLE KEYS */;
INSERT INTO `mathang` (`MAHANG`, `TENHANG`, `MACONGTY`, `MALOAIHANG`, `SOLUONG`, `DONVITINH`, `GIAHANG`, `SOLUOTTC`, `NGAYDAT`, `NGAYKETTHUC`) VALUES
	(1, 'Connan', 1, 1, 100, 'quyển', 100, 10, '2018-06-05 00:00:00', '2018-06-05 21:58:22'),
	(2, 'Nobita', 2, 1, 100, 'quyển', 200, 20, '2018-06-05 21:57:27', '2018-06-05 21:58:24'),
	(3, 'Son MAC', 3, 5, 1000, 'cây', 500, 30, '2018-06-05 21:57:29', '2018-06-05 21:58:26'),
	(4, 'Áó thun', 2, 2, 500, 'cái', 200, 100, '2018-06-05 21:57:13', '2018-06-05 21:58:27'),
	(5, 'Bông tai nạm hạt Ruby', 5, 5, 100, 'đôi', 1000, 50, '2018-06-05 21:57:11', '2018-06-05 21:58:28'),
	(6, 'Đầm dạ hội ', 4, 2, 1000, 'cái', 2000, 20, '2018-06-05 21:57:09', '2018-06-05 21:58:04');
/*!40000 ALTER TABLE `mathang` ENABLE KEYS */;

CREATE TABLE IF NOT EXISTS `nhacungcap` (
  `MACONGTY` int(11) NOT NULL AUTO_INCREMENT,
  `TENCONGTY` varchar(50) DEFAULT NULL,
  `DIACHI` varchar(50) DEFAULT NULL,
  `DIENTHOAI` varchar(50) DEFAULT NULL,
  `EMAIL` varchar(50) DEFAULT NULL,
  PRIMARY KEY (`MACONGTY`)
) ENGINE=InnoDB AUTO_INCREMENT=6 DEFAULT CHARSET=latin1;

DELETE FROM `nhacungcap`;
/*!40000 ALTER TABLE `nhacungcap` DISABLE KEYS */;
INSERT INTO `nhacungcap` (`MACONGTY`, `TENCONGTY`, `DIACHI`, `DIENTHOAI`, `EMAIL`) VALUES
	(1, 'A', 'TP HCM', '012345678', 'a@gmail.com'),
	(2, 'B', 'TP HCM', '012365478', 'b@gmail.com'),
	(3, 'C', 'TP HCM', '098765431', 'c@gmail.com'),
	(4, 'D', 'HN', '098745623', 'd@gmail.com'),
	(5, 'E', 'HP', '0967279450', 'e@gmail.com');
/*!40000 ALTER TABLE `nhacungcap` ENABLE KEYS */;

CREATE TABLE IF NOT EXISTS `nhanvien` (
  `MANHANVIEN` int(11) NOT NULL AUTO_INCREMENT,
  `HOTEN` varchar(50) DEFAULT NULL,
  `NGAYSINH` date DEFAULT NULL,
  `DIACHI` varchar(50) DEFAULT NULL,
  `DIENTHOAI` varchar(50) DEFAULT NULL,
  `LUONGCB` float DEFAULT NULL,
  PRIMARY KEY (`MANHANVIEN`)
) ENGINE=InnoDB AUTO_INCREMENT=7 DEFAULT CHARSET=latin1;

DELETE FROM `nhanvien`;
/*!40000 ALTER TABLE `nhanvien` DISABLE KEYS */;
INSERT INTO `nhanvien` (`MANHANVIEN`, `HOTEN`, `NGAYSINH`, `DIACHI`, `DIENTHOAI`, `LUONGCB`) VALUES
	(1, 'n', '2018-06-03', 'TP HCM', '012398765', 100),
	(2, 'g', '2018-06-03', 'HN', '012398745', 200),
	(3, 'u', '2018-06-03', 'HP', '098745632', 300),
	(4, 'y', '2018-06-03', 'DN', '0967279450', 400),
	(5, 'e', '2018-06-03', 'NT', '097865421', 500),
	(6, 'h', '2018-06-03', 'VT', '090226930', 900);
/*!40000 ALTER TABLE `nhanvien` ENABLE KEYS */;

/*!40101 SET SQL_MODE=IFNULL(@OLD_SQL_MODE, '') */;
/*!40014 SET FOREIGN_KEY_CHECKS=IF(@OLD_FOREIGN_KEY_CHECKS IS NULL, 1, @OLD_FOREIGN_KEY_CHECKS) */;
/*!40101 SET CHARACTER_SET_CLIENT=@OLD_CHARACTER_SET_CLIENT */;
